<?xml version="1.0" encoding="UTF-8"?>
<metadata modelVersion="1.1.0">
  <groupId>com.wintop.ms</groupId>
  <artifactId>wintop-ms-parent</artifactId>
  <version>0.0.1-SNAPSHOT</version>
  <versioning>
    <snapshot>
      <timestamp>20180208.010349</timestamp>
      <buildNumber>1</buildNumber>
    </snapshot>
    <lastUpdated>20180208010349</lastUpdated>
    <snapshotVersions>
      <snapshotVersion>
        <extension>pom</extension>
        <value>0.0.1-20180208.010349-1</value>
        <updated>20180208010349</updated>
      </snapshotVersion>
    </snapshotVersions>
  </versioning>
</metadata>
